{
  "RPDE": 0.498536,
  "DFA": 0.718099,
  "spread1": -5.684397,
  "spread2": 0.22651,
  "D2": 2.381826,
  "PPE": 0.206552
}
